PREDICT,TRUE,ERROR
1230,1230,0
609,500,-109
1230,1230,0
430,430,0
590,590,0
684,690,6
670,670,0
620,620,0
610,610,0
655,640,-15
630,630,0
900,900,0
1230,1230,0
820,820,0
1360,1360,0
540,540,0
810,810,0
1240,1240,0
1230,1230,0
694,680,-14
763,760,-3
1230,1230,0
567,530,-37
640,640,0
449,430,-19
722,790,68
500,500,0
580,580,0
560,560,0
820,820,0
559,530,-29
1230,1230,0
760,760,0
443,430,-13
700,700,0
1230,1230,0
868,900,32
820,820,0
560,560,0
1240,1240,0
1360,1360,0
443,470,27
940,940,0
441,430,-11
430,430,0
868,900,32
1030,1030,0
580,580,0
530,530,0
930,930,0
530,530,0
500,500,0
847,850,3
700,700,0
740,740,0
630,630,0
930,930,0
780,800,20
690,690,0
730,730,0
583,560,-23
446,430,-16
545,530,-15
550,550,0
1070,1070,0
410,400,-10
760,760,0
663,660,-3
850,850,0
1030,1030,0
1240,1240,0
944,930,-14
681,680,-1
550,550,0
565,560,-5
660,660,0
590,590,0
1240,1240,0
520,520,0
560,560,0
1360,1360,0
700,700,0
644,660,16
400,400,0
764,730,-34
700,700,0
0,0,0
647,660,13
760,760,0
886,900,14
784,760,-24
1094,1060,-34
1116,1240,124
539,530,-9
794,820,26
430,430,0
736,730,-6
852,950,98
1230,1230,0
1230,1230,0
804,810,6
533,530,-3
582,560,-22
756,760,4
524,530,6
629,560,-69
953,1000,47
530,530,0
560,560,0
430,430,0
1232,1230,-2
680,680,0
529,530,1
633,640,7
1230,1230,0
560,560,0
430,430,0
630,630,0
524,530,6
656,660,4
1360,1360,0
680,680,0
539,540,1
805,810,5
601,530,-71
430,430,0
740,740,0
544,530,-14
500,500,0
590,590,0
580,580,0
700,700,0
659,660,1
740,740,0
910,910,0
401,350,-51
740,740,0
649,640,-9
529,530,1
700,700,0
1070,1070,0
530,530,0
740,740,0
610,610,0
690,690,0
636,630,-6
1230,1230,0
450,430,-20
1064,940,-124
440,430,-10
370,370,0
820,820,0
530,530,0
940,940,0
890,890,0
810,810,0
544,560,16
1230,1230,0
700,700,0
430,430,0
873,820,-53
628,690,62
910,910,0
1230,1230,0
500,500,0
610,610,0
580,580,0
776,780,4
900,900,0
760,760,0
900,900,0
531,530,-1
530,530,0
702,780,78
1030,1030,0
690,690,0
780,780,0
810,810,0
820,820,0
520,520,0
560,560,0
792,870,78
930,930,0
630,630,0
700,700,0
730,730,0
570,560,-10
430,430,0
1240,1240,0
820,820,0
930,1230,300
620,620,0
578,580,2
1230,1230,0
930,930,0
1030,1030,0
1230,1230,0
539,530,-9
732,730,-2
522,520,-2
690,690,0
563,560,-3
207,0,-207
1230,1230,0
560,560,0
1240,1240,0
839,550,-289
763,760,-3
430,430,0
900,900,0
1360,1360,0
500,500,0
790,790,0
780,780,0
1030,1030,0
595,580,-15
580,580,0
590,590,0
1230,1230,0
502,500,-2
1235,1240,5
560,560,0
760,760,0
580,580,0
568,580,12
466,470,4
820,820,0
1060,930,-130
640,640,0
530,530,0
550,550,0
485,480,-5
610,610,0
1030,1030,0
590,590,0
844,810,-34
1230,1230,0
1020,1020,0
1360,1360,0
430,430,0
0,0,0
560,560,0
740,740,0
636,530,-106
400,400,0
1230,1230,0
760,760,0
530,530,0
730,730,0
566,560,-6
744,730,-14
740,740,0
488,610,122
1230,1230,0
1230,1230,0
740,740,0
1230,1230,0
670,680,10
430,430,0
900,900,0
480,480,0
610,610,0
850,850,0
400,400,0
590,590,0
694,690,-4
617,620,3
1030,1030,0
400,400,0
400,400,0
530,530,0
400,400,0
780,780,0
1230,1230,0
1230,1230,0
560,560,0
430,430,0
500,500,0
683,690,7
744,730,-14
1360,1360,0
0,0,0
1030,1030,0
583,530,-53
900,900,0
719,690,-29
748,820,72
1360,1360,0
700,700,0
620,620,0
0,0,0
0,0,0
530,530,0
730,730,0
400,400,0
530,530,0
1230,1230,0
530,530,0
430,430,0
1070,1070,0
1030,1030,0
690,690,0
842,870,28
560,560,0
0,0,0
620,620,0
684,670,-14
403,400,-3
852,850,-2
526,690,164
500,500,0
400,400,0
1230,1230,0
610,610,0
690,690,0
1070,1070,0
530,530,0
640,640,0
820,820,0
550,550,0
540,540,0
0,0,0
532,530,-2
520,520,0
700,700,0
670,670,0
1240,1240,0
520,520,0
910,910,0
0,0,0
443,430,-13
690,690,0
1360,1360,0
1230,1230,0
810,810,0
681,680,-1
1360,1360,0
652,630,-22
1230,1230,0
790,790,0
1230,1230,0
1230,1230,0
690,690,0
740,740,0
930,930,0
610,610,0
530,530,0
1230,1230,0
690,690,0
1023,1060,37
1230,1230,0
590,590,0
807,800,-7
730,730,0
530,530,0
680,630,-50
560,560,0
590,590,0
696,730,34
1240,1240,0
1060,940,-120
620,620,0
452,430,-22
530,530,0
1168,1000,-168
500,500,0
850,850,0
940,940,0
700,700,0
780,780,0
730,730,0
850,850,0
596,640,44
430,430,0
690,690,0
740,740,0
629,540,-89
630,630,0
610,610,0
740,740,0
780,780,0
1230,1230,0
622,620,-2
560,560,0
630,630,0
690,690,0
480,480,0
810,810,0
1360,1360,0
550,550,0
560,560,0
612,580,-32
550,550,0
1230,1230,0
530,530,0
1360,1360,0
847,930,83
796,790,-6
540,540,0
640,640,0
1230,1230,0
832,820,-12
660,660,0
680,680,0
740,740,0
610,610,0
580,580,0
628,630,2
751,690,-61
530,530,0
578,590,12
530,530,0
1240,1240,0
690,690,0
1060,1060,0
1060,1060,0
930,930,0
548,560,12
690,690,0
930,930,0
430,430,0
850,850,0
1000,1000,0
1010,1060,50
430,430,0
370,370,0
628,670,42
700,700,0
595,580,-15
560,560,0
430,430,0
530,530,0
530,530,0
700,700,0
1240,1240,0
1030,1030,0
1230,1230,0
1230,1230,0
580,580,0
730,730,0
671,670,-1
730,730,0
550,550,0
590,590,0
595,610,15
660,660,0
1230,1230,0
690,690,0
642,640,-2
520,520,0
845,820,-25
979,1030,51
940,940,0
630,630,0
614,620,6
899,1060,161
760,760,0
560,560,0
1230,1230,0
430,430,0
550,550,0
766,760,-6
443,430,-13
430,430,0
1230,1230,0
972,820,-152
984,1230,246
413,430,17
940,940,0
530,530,0
770,760,-10
1070,1070,0
500,500,0
730,730,0
690,690,0
364,370,6
668,670,2
868,900,32
1230,1230,0
680,680,0
430,430,0
925,820,-105
807,810,3
900,900,0
690,690,0
760,760,0
0,0,0
700,700,0
560,560,0
730,730,0
890,890,0
1230,1230,0
1240,1240,0
1070,1070,0
500,500,0
520,520,0
760,760,0
1219,1230,11
760,760,0
574,580,6
530,530,0
690,690,0
798,810,12
1230,1230,0
560,560,0
1230,1230,0
521,520,-1
1240,1240,0
532,530,-2
716,690,-26
690,690,0
859,870,11
744,760,16
780,780,0
635,620,-15
620,630,10
610,610,0
611,620,9
670,680,10
660,660,0
686,690,4
562,560,-2
530,530,0
1240,1240,0
430,430,0
883,870,-13
543,540,-3
1230,1230,0
967,1000,33
1240,1240,0
1230,1230,0
560,560,0
1060,1060,0
0,0,0
820,820,0
529,530,1
940,940,0
500,500,0
690,690,0
620,620,0
700,760,60
530,530,0
1030,1030,0
622,610,-12
873,870,-3
544,530,-14
850,850,0
1197,1240,43
430,430,0
530,530,0
1007,1000,-7
430,430,0
540,540,0
1030,1030,0
760,760,0
0,0,0
703,690,-13
1230,1230,0
700,700,0
808,810,2
930,930,0
657,630,-27
430,430,0
430,430,0
520,530,10
500,500,0
530,530,0
820,820,0
900,900,0
530,530,0
430,430,0
640,640,0
740,740,0
1030,1030,0
620,620,0
820,820,0
740,740,0
1230,1230,0
403,400,-3
1230,1230,0
910,910,0
550,550,0
680,680,0
1230,1230,0
610,610,0
630,630,0
660,660,0
607,610,3
530,530,0
760,760,0
940,940,0
856,870,14
580,580,0
430,430,0
740,740,0
430,430,0
530,530,0
930,930,0
760,760,0
517,530,13
612,580,-32
686,690,4
1230,1230,0
668,610,-58
628,630,2
900,900,0
979,1030,51
520,520,0
1230,1230,0
430,430,0
838,760,-78
832,870,38
1360,1360,0
680,680,0
654,670,16
690,690,0
520,520,0
540,540,0
430,430,0
883,870,-13
629,640,11
430,430,0
1230,1230,0
890,890,0
760,760,0
690,690,0
803,810,7
530,530,0
511,520,9
1180,1180,0
900,900,0
430,430,0
430,430,0
620,620,0
576,580,4
610,610,0
940,940,0
633,630,-3
430,430,0
597,590,-7
530,530,0
700,700,0
480,430,-50
660,660,0
530,530,0
810,810,0
544,530,-14
424,430,6
530,530,0
740,740,0
690,690,0
820,820,0
533,520,-13
430,430,0
740,740,0
1060,1060,0
780,780,0
375,520,145
620,620,0
740,740,0
622,620,-2
690,690,0
1180,1180,0
430,430,0
0,0,0
690,690,0
530,530,0
690,690,0
424,430,6
1360,1360,0
560,560,0
522,520,-2
610,610,0
729,810,81
883,900,17
820,820,0
671,670,-1
1240,1240,0
430,430,0
620,620,0
0,0,0
759,750,-9
850,900,50
590,590,0
1030,1030,0
520,530,10
574,530,-44
1230,1230,0
430,430,0
463,470,7
500,500,0
518,520,2
530,530,0
740,740,0
434,430,-4
1230,1230,0
400,400,0
580,580,0
630,630,0
1240,1240,0
1230,1230,0
430,430,0
500,500,0
795,810,15
740,740,0
900,900,0
480,480,0
480,480,0
1230,1230,0
657,670,13
940,940,0
590,590,0
760,760,0
560,560,0
1030,1030,0
870,820,-50
1360,1360,0
882,1360,478
0,0,0
1240,1240,0
853,850,-3
590,590,0
540,540,0
550,550,0
1060,1060,0
1230,1230,0
740,760,20
580,580,0
730,730,0
540,540,0
1230,1230,0
432,430,-2
1360,1360,0
0,0,0
1230,1230,0
590,590,0
730,730,0
740,740,0
530,530,0
1030,1030,0
530,530,0
660,660,0
671,670,-1
1030,1030,0
1219,1230,11
849,870,21
734,740,6
690,690,0
0,0,0
690,690,0
1360,1360,0
1070,1070,0
900,900,0
730,730,0
1360,1360,0
536,530,-6
638,590,-48
696,690,-6
810,810,0
530,530,0
790,790,0
1230,1230,0
640,640,0
540,540,0
1360,1360,0
1000,1000,0
760,760,0
469,480,11
760,760,0
725,740,15
682,700,18
900,900,0
400,400,0
500,500,0
875,900,25
780,780,0
706,810,104
734,740,6
550,550,0
700,700,0
700,700,0
585,590,5
500,500,0
1360,1360,0
677,690,13
430,430,0
606,580,-26
1230,1230,0
700,700,0
760,760,0
430,430,0
744,740,-4
1030,1030,0
430,430,0
680,680,0
500,500,0
1030,1030,0
0,0,0
757,760,3
560,560,0
0,0,0
680,1230,550
760,760,0
1192,1000,-192
112,0,-112
530,530,0
907,890,-17
900,900,0
630,630,0
480,480,0
430,430,0
530,530,0
430,430,0
820,820,0
620,620,0
930,910,-20
430,430,0
700,700,0
1000,1000,0
740,740,0
550,550,0
1030,1030,0
1230,1230,0
820,820,0
0,0,0
530,530,0
430,430,0
658,660,2
610,610,0
260,260,0
1030,1030,0
1230,1230,0
881,850,-31
430,430,0
832,870,38
754,680,-74
525,530,5
1030,1030,0
824,820,-4
590,590,0
656,670,14
550,550,0
1230,1230,0
370,370,0
1030,1030,0
530,530,0
760,760,0
427,430,3
395,370,-25
530,530,0
621,620,-1
430,430,0
1230,1230,0
530,530,0
521,530,9
620,620,0
915,940,25
560,560,0
820,820,0
690,690,0
0,0,0
430,430,0
700,700,0
560,560,0
1230,1230,0
740,740,0
529,530,1
997,1240,243
500,500,0
500,500,0
430,430,0
1060,1060,0
525,520,-5
690,690,0
900,900,0
560,560,0
1360,1360,0
438,430,-8
1030,1030,0
590,590,0
730,730,0
1360,1360,0
1360,1360,0
1030,1030,0
641,690,49
910,910,0
530,530,0
520,520,0
586,580,-6
560,560,0
540,540,0
530,530,0
1230,1230,0
850,850,0
449,520,71
810,810,0
883,900,17
1230,1230,0
580,580,0
529,530,1
430,430,0
760,760,0
430,430,0
540,540,0
560,560,0
427,430,3
600,590,-10
620,620,0
430,430,0
1230,1230,0
656,670,14
660,660,0
430,430,0
760,760,0
430,430,0
647,660,13
703,690,-13
520,520,0
982,1000,18
700,700,0
900,900,0
745,760,15
740,740,0
530,530,0
690,690,0
781,780,-1
870,870,0
647,620,-27
940,940,0
640,640,0
700,700,0
461,430,-31
950,940,-10
1240,1240,0
400,400,0
430,430,0
580,580,0
663,660,-3
968,1060,92
740,740,0
520,520,0
690,690,0
560,560,0
700,700,0
93,0,-93
862,890,28
477,530,53
787,780,-7
430,430,0
480,480,0
810,810,0
610,610,0
740,740,0
640,610,-30
590,590,0
500,500,0
699,640,-59
430,430,0
956,790,-166
530,530,0
0,0,0
1360,1360,0
550,550,0
541,530,-11
1360,1360,0
700,700,0
566,520,-46
620,620,0
742,740,-2
744,730,-14
1230,1230,0
530,530,0
610,610,0
700,700,0
644,660,16
506,530,24
530,530,0
367,350,-17
899,900,1
760,760,0
430,430,0
500,500,0
760,760,0
740,740,0
1240,1240,0
757,810,53
1230,1230,0
670,670,0
483,480,-3
760,760,0
760,760,0
634,730,96
760,760,0
620,620,0
626,620,-6
814,820,6
430,430,0
944,940,-4
660,660,0
533,530,-3
560,530,-30
820,820,0
430,430,0
580,580,0
485,480,-5
485,480,-5
820,820,0
764,760,-4
700,700,0
1030,1030,0
562,560,-2
430,430,0
700,700,0
1360,1360,0
530,530,0
530,530,0
881,900,19
370,370,0
1230,1230,0
1230,1230,0
1230,1230,0
689,690,1
780,780,0
545,550,5
514,500,-14
940,940,0
630,630,0
530,530,0
730,730,0
1060,1060,0
1060,1060,0
430,430,0
760,760,0
370,370,0
1240,1240,0
560,560,0
521,520,-1
1360,1360,0
500,500,0
820,820,0
647,660,13
430,430,0
590,590,0
1030,1030,0
530,530,0
534,530,-4
530,530,0
930,930,0
1240,1240,0
1070,1070,0
500,500,0
1230,1230,0
1230,1230,0
774,760,-14
690,690,0
0,0,0
550,520,-30
1230,1230,0
1030,1030,0
530,530,0
530,530,0
590,590,0
1030,1030,0
0,0,0
530,530,0
922,1060,138
530,530,0
1230,1230,0
530,530,0
758,790,32
890,890,0
518,520,2
427,430,3
520,520,0
574,580,6
1060,1060,0
928,940,12
543,530,-13
1360,1360,0
530,530,0
1030,1030,0
530,530,0
610,610,0
571,560,-11
1060,1060,0
760,760,0
930,930,0
0,0,0
546,550,4
644,580,-64
1230,1230,0
900,900,0
793,810,17
1240,1240,0
1230,1230,0
520,520,0
1017,1030,13
940,940,0
0,0,0
557,560,3
557,560,3
560,560,0
560,560,0
660,660,0
400,400,0
610,610,0
796,900,104
430,430,0
744,730,-14
430,430,0
430,430,0
1240,1240,0
700,700,0
677,670,-7
895,820,-75
560,560,0
900,900,0
1077,1060,-17
530,530,0
500,500,0
530,530,0
690,690,0
430,430,0
1240,1240,0
550,550,0
760,760,0
0,0,0
538,540,2
1030,1030,0
700,700,0
580,580,0
740,740,0
520,520,0
671,670,-1
1070,1070,0
893,930,37
370,370,0
1100,1070,-30
430,430,0
430,430,0
521,500,-21
836,900,64
560,560,0
690,690,0
500,500,0
813,930,117
546,530,-16
687,700,13
820,820,0
590,590,0
430,430,0
430,430,0
1060,1060,0
1240,1240,0
500,500,0
1240,1240,0
590,590,0
560,560,0
622,620,-2
660,690,30
580,580,0
530,530,0
400,400,0
413,430,17
760,760,0
940,930,-10
569,610,41
657,660,3
530,530,0
1230,1230,0
600,560,-40
490,480,-10
413,810,397
780,780,0
942,1040,98
500,500,0
570,560,-10
590,590,0
894,910,16
370,370,0
530,530,0
638,640,2
1240,1240,0
512,520,8
610,610,0
560,560,0
560,560,0
695,660,-35
370,370,0
620,620,0
584,610,26
520,520,0
1360,1360,0
610,610,0
539,540,1
533,530,-3
850,850,0
810,810,0
1240,1240,0
1230,1230,0
707,580,-127
605,640,35
1240,1240,0
820,730,-90
690,690,0
610,610,0
440,430,-10
500,500,0
590,590,0
400,400,0
560,560,0
730,730,0
540,520,-20
1360,1360,0
705,810,105
929,900,-29
520,520,0
520,520,0
1230,1230,0
1030,1030,0
672,670,-2
580,580,0
463,430,-33
868,900,32
430,430,0
560,560,0
620,620,0
0,0,0
1000,1000,0
370,370,0
580,580,0
1060,1060,0
1030,1030,0
807,820,13
543,530,-13
430,430,0
530,530,0
540,540,0
530,530,0
500,500,0
500,500,0
538,540,2
1030,1030,0
609,610,1
1030,1030,0
683,690,7
1070,1070,0
1030,1030,0
1230,1230,0
1240,1240,0
1230,1230,0
1360,1360,0
1230,1230,0
764,820,56
731,680,-51
571,530,-41
430,430,0
430,430,0
760,760,0
726,740,14
421,430,9
740,740,0
1240,1240,0
1230,1230,0
672,670,-2
620,620,0
1008,1030,22
560,560,0
500,500,0
540,540,0
620,620,0
580,580,0
700,700,0
1030,1030,0
1033,1030,-3
411,450,39
1230,1230,0
602,620,18
560,560,0
702,730,28
540,540,0
530,530,0
900,900,0
1060,1060,0
1230,1230,0
554,560,6
765,810,45
560,560,0
784,760,-24
480,480,0
1230,1230,0
883,900,17
618,610,-8
1180,1180,0
847,850,3
430,430,0
1030,1030,0
796,760,-36
640,640,0
788,790,2
539,530,-9
518,520,2
500,500,0
820,820,0
819,820,1
530,530,0
1230,1230,0
820,820,0
1240,1240,0
530,530,0
680,680,0
530,530,0
550,550,0
681,680,-1
890,940,50
560,560,0
430,430,0
760,760,0
680,680,0
560,560,0
1360,1360,0
1230,1230,0
549,680,131
52,0,-52
0,0,0
662,730,68
1240,1240,0
370,370,0
571,550,-21
740,740,0
610,610,0
1230,1230,0
370,370,0
1230,1230,0
617,620,3
0,0,0
598,580,-18
544,530,-14
1230,1230,0
1030,1030,0
910,910,0
940,940,0
540,540,0
940,940,0
310,310,0
543,530,-13
620,620,0
52,0,-52
1240,1240,0
760,760,0
471,550,79
760,760,0
566,560,-6
1057,1070,13
580,580,0
1230,1230,0
493,490,-3
500,500,0
760,760,0
1030,1030,0
500,500,0
683,640,-43
430,430,0
1360,1360,0
676,660,-16
560,560,0
595,590,-5
1360,1360,0
430,430,0
730,730,0
1240,1240,0
930,930,0
610,610,0
530,530,0
1230,1230,0
1230,1230,0
505,530,25
760,760,0
890,890,0
1240,1240,0
620,620,0
1020,1020,0
1230,1230,0
927,930,3
820,820,0
1280,1280,0
647,660,13
430,430,0
1230,1230,0
430,430,0
620,620,0
0,0,0
1230,1230,0
1324,1360,36
578,580,2
530,530,0
842,820,-22
1230,1230,0
803,810,7
1230,1230,0
820,820,0
602,620,18
1240,1240,0
640,640,0
580,580,0
747,730,-17
580,580,0
760,760,0
500,500,0
530,530,0
530,530,0
1000,1000,0
480,480,0
700,700,0
543,530,-13
930,930,0
598,580,-18
0,0,0
610,610,0
850,850,0
700,700,0
540,540,0
1360,1360,0
760,760,0
700,700,0
1360,1360,0
367,350,-17
530,530,0
530,530,0
1230,1230,0
610,610,0
427,430,3
540,540,0
630,630,0
500,500,0
1000,1000,0
1230,1230,0
610,610,0
940,940,0
530,530,0
630,630,0
752,760,8
530,530,0
530,530,0
986,940,-46
560,560,0
740,740,0
804,820,16
530,530,0
620,620,0
1230,1230,0
520,520,0
560,560,0
766,760,-6
735,760,25
740,740,0
684,690,6
810,810,0
642,660,18
620,620,0
580,580,0
560,560,0
1180,1180,0
1230,1230,0
720,810,90
740,740,0
590,590,0
640,640,0
900,900,0
580,580,0
913,910,-3
590,590,0
590,590,0
1230,1230,0
444,430,-14
560,560,0
622,620,-2
647,660,13
620,620,0
870,870,0
517,520,3
540,540,0
1094,1060,-34
683,690,7
1360,1360,0
0,0,0
540,530,-10
1230,1230,0
810,810,0
640,640,0
370,370,0
533,530,-3
473,690,217
530,530,0
740,740,0
590,590,0
1030,1030,0
530,530,0
540,540,0
591,540,-51
774,810,36
1230,1230,0
480,480,0
973,1000,27
500,500,0
520,520,0
820,820,0
1030,1030,0
580,580,0
515,520,5
400,400,0
1240,1240,0
680,680,0
928,940,12
544,530,-14
1240,1240,0
681,680,-1
580,560,-20
1240,1240,0
890,890,0
898,900,2
760,740,-20
820,820,0
940,940,0
900,900,0
0,0,0
0,0,0
580,580,0
430,430,0
552,530,-22
1230,1230,0
400,400,0
0,0,0
718,730,12
669,670,1
560,560,0
690,690,0
760,760,0
590,610,20
554,560,6
760,760,0
760,760,0
900,900,0
550,520,-30
1030,1030,0
820,820,0
794,820,26
590,590,0
620,620,0
400,400,0
647,660,13
590,590,0
522,520,-2
1230,1230,0
1360,1360,0
722,790,68
1060,1060,0
1360,1360,0
1030,1030,0
500,500,0
808,810,2
760,760,0
900,900,0
530,530,0
736,760,24
640,640,0
910,910,0
820,820,0
900,900,0
550,550,0
0,0,0
740,740,0
740,740,0
700,700,0
1230,1230,0
660,660,0
314,0,-314
530,530,0
580,580,0
890,890,0
1240,1240,0
500,500,0
740,740,0
771,780,9
760,760,0
870,870,0
868,870,2
677,690,13
654,530,-124
1230,1230,0
441,400,-41
610,610,0
850,850,0
827,820,-7
810,810,0
661,660,-1
1230,1230,0
647,620,-27
620,620,0
590,590,0
940,940,0
540,540,0
580,580,0
504,560,56
860,890,30
1240,1240,0
829,820,-9
590,590,0
580,580,0
1030,1030,0
1230,1230,0
909,1000,91
1360,1360,0
584,610,26
603,580,-23
540,540,0
590,590,0
610,610,0
700,690,-10
1070,1070,0
823,820,-3
430,430,0
610,610,0
430,430,0
672,670,-2
501,500,-1
530,530,0
543,540,-3
1360,1360,0
1230,1230,0
820,820,0
430,430,0
500,500,0
1240,1240,0
451,430,-21
690,690,0
1230,1230,0
439,430,-9
603,690,87
590,590,0
758,730,-28
690,690,0
1230,1230,0
930,930,0
614,620,6
0,0,0
690,690,0
777,790,13
430,430,0
530,530,0
1239,1240,1
700,700,0
610,610,0
1180,1180,0
500,500,0
551,550,-1
530,530,0
0,0,0
810,810,0
652,620,-32
690,690,0
811,810,-1
1070,1070,0
762,760,-2
1230,1230,0
479,480,1
940,940,0
1135,1170,35
1230,1230,0
774,760,-14
1230,1230,0
1360,1360,0
690,690,0
900,900,0
430,430,0
580,580,0
760,760,0
670,670,0
530,530,0
900,900,0
500,500,0
870,870,0
700,700,0
1030,1030,0
550,550,0
500,500,0
1230,1230,0
1030,1030,0
541,500,-41
870,870,0
520,520,0
1060,1060,0
370,370,0
1230,1230,0
530,530,0
680,680,0
526,550,24
700,700,0
574,580,6
692,670,-22
430,430,0
433,430,-3
760,760,0
949,930,-19
611,630,19
370,370,0
1230,1230,0
690,690,0
1230,1230,0
1360,1360,0
1030,1030,0
599,590,-9
900,900,0
820,820,0
573,560,-13
530,530,0
69,0,-69
780,780,0
1030,1030,0
0,0,0
500,500,0
1230,1230,0
730,730,0
672,670,-2
577,550,-27
625,610,-15
1230,1230,0
0,0,0
560,560,0
590,590,0
430,430,0
644,640,-4
815,810,-5
1230,1230,0
620,620,0
1230,1230,0
850,850,0
930,930,0
758,810,52
850,850,0
1240,1240,0
1230,1230,0
620,630,10
940,940,0
560,560,0
523,530,7
660,660,0
690,690,0
687,690,3
532,530,-2
1060,1060,0
1067,1070,3
530,530,0
530,530,0
430,430,0
1360,1360,0
530,530,0
597,590,-7
783,780,-3
430,430,0
500,500,0
928,940,12
1230,1230,0
580,580,0
850,850,0
634,690,56
530,530,0
620,620,0
640,640,0
810,810,0
590,590,0
324,260,-64
690,690,0
779,760,-19
521,520,-1
500,500,0
310,310,0
1060,1060,0
593,590,-3
480,480,0
700,700,0
1129,1240,111
1070,1070,0
1213,1230,17
1230,1230,0
1030,1030,0
1000,1000,0
780,780,0
870,870,0
1030,1030,0
870,870,0
740,740,0
590,590,0
940,940,0
740,740,0
500,500,0
542,560,18
1230,1230,0
590,590,0
1230,1230,0
1000,1000,0
1230,1230,0
930,930,0
900,900,0
0,0,0
600,560,-40
485,500,15
52,0,-52
560,560,0
764,740,-24
597,560,-37
690,690,0
820,820,0
430,430,0
0,0,0
548,500,-48
530,530,0
900,900,0
480,480,0
760,760,0
620,620,0
740,740,0
1230,1230,0
620,620,0
610,610,0
1230,1230,0
662,660,-2
606,580,-26
1230,1230,0
1031,1070,39
618,670,52
462,530,68
810,810,0
430,430,0
1360,1360,0
1230,1230,0
1030,1030,0
602,620,18
123,0,-123
690,690,0
430,430,0
1240,1240,0
690,690,0
560,560,0
430,430,0
1107,1230,123
460,430,-30
618,610,-8
760,760,0
687,690,3
500,500,0
500,500,0
690,690,0
631,590,-41
1230,1230,0
530,530,0
0,0,0
466,470,4
590,590,0
508,560,52
890,890,0
753,740,-13
530,530,0
610,610,0
556,560,4
620,620,0
580,580,0
1230,1230,0
0,0,0
550,550,0
760,760,0
850,850,0
480,480,0
466,470,4
900,900,0
530,530,0
430,470,40
1030,1030,0
550,550,0
610,580,-30
760,760,0
730,730,0
830,900,70
760,760,0
858,690,-168
820,820,0
520,520,0
1230,1230,0
551,550,-1
430,430,0
580,580,0
769,760,-9
870,870,0
728,740,12
693,680,-13
520,520,0
370,370,0
906,910,4
1230,1230,0
690,690,0
820,820,0
900,900,0
780,780,0
1360,1360,0
1230,1230,0
520,530,10
560,560,0
560,560,0
995,1000,5
668,580,-88
403,400,-3
850,850,0
700,700,0
730,730,0
1230,1230,0
430,430,0
1108,1230,122
630,630,0
690,690,0
808,820,12
412,350,-62
1053,1060,7
620,620,0
620,630,10
530,530,0
603,610,7
785,760,-25
1230,1230,0
670,670,0
400,400,0
610,610,0
660,660,0
820,820,0
760,760,0
590,560,-30
1230,1230,0
1230,1230,0
690,690,0
760,760,0
620,620,0
1000,1000,0
477,530,53
430,430,0
438,430,-8
660,660,0
430,430,0
550,550,0
699,670,-29
1025,1020,-5
605,640,35
768,800,32
940,940,0
780,780,0
740,740,0
1045,1070,25
500,500,0
1240,1240,0
690,690,0
900,900,0
560,560,0
923,930,7
530,530,0
625,630,5
630,630,0
610,610,0
1070,1070,0
766,760,-6
690,690,0
560,560,0
580,580,0
1030,1030,0
350,350,0
1060,1060,0
520,520,0
689,690,1
1030,1030,0
760,760,0
440,430,-10
1000,1000,0
1240,1240,0
690,690,0
760,760,0
940,940,0
500,500,0
530,530,0
760,760,0
0,0,0
620,620,0
1360,1360,0
700,700,0
466,470,4
1230,1230,0
994,1000,6
780,780,0
700,700,0
690,690,0
605,610,5
1360,1360,0
610,610,0
620,620,0
1360,1360,0
0,0,0
0,0,0
740,740,0
820,820,0
400,400,0
1240,1240,0
550,550,0
530,530,0
940,940,0
730,730,0
625,620,-5
700,700,0
560,560,0
548,550,2
740,740,0
603,610,7
939,940,1
540,540,0
500,500,0
493,490,-3
700,700,0
832,820,-12
808,810,2
622,620,-2
302,0,-302
749,760,11
560,560,0
900,900,0
520,520,0
766,760,-6
1230,1230,0
740,740,0
500,500,0
782,780,-2
1230,1230,0
886,900,14
620,620,0
620,620,0
540,540,0
1360,1360,0
0,0,0
524,520,-4
1230,1230,0
1360,1360,0
1230,1230,0
400,400,0
740,740,0
252,530,278
530,530,0
508,500,-8
427,430,3
260,260,0
530,530,0
1240,1240,0
500,500,0
500,500,0
620,620,0
430,430,0
890,890,0
534,530,-4
694,730,36
260,260,0
740,740,0
1360,1360,0
1230,1230,0
1240,1240,0
532,520,-12
946,1230,284
620,620,0
688,620,-68
690,690,0
660,660,0
1360,1360,0
560,560,0
438,430,-8
560,560,0
940,940,0
540,540,0
717,620,-97
610,610,0
596,560,-36
760,760,0
560,560,0
1030,1030,0
604,470,-134
545,0,-545
560,560,0
540,540,0
1230,1230,0
500,500,0
530,530,0
1230,1230,0
600,640,40
430,430,0
1107,1230,123
900,900,0
1030,1030,0
530,530,0
530,530,0
594,560,-34
0,0,0
820,820,0
500,500,0
610,610,0
690,690,0
760,760,0
1030,1030,0
1360,1360,0
740,740,0
370,370,0
543,540,-3
430,430,0
1360,1360,0
748,740,-8
617,530,-87
1230,1230,0
560,560,0
1240,1240,0
533,540,7
810,810,0
500,500,0
681,680,-1
811,810,-1
843,820,-23
1240,1240,0
739,730,-9
554,560,6
612,580,-32
661,730,69
530,530,0
945,940,-5
760,760,0
668,670,2
614,630,16
544,560,16
690,690,0
1230,1230,0
800,810,10
1230,1230,0
1230,1230,0
760,760,0
841,860,19
819,910,91
578,550,-28
743,620,-123
471,450,-21
780,780,0
0,0,0
660,660,0
544,530,-14
530,530,0
760,760,0
930,930,0
530,530,0
975,1000,25
1360,1360,0
820,820,0
730,730,0
807,820,13
400,400,0
525,530,5
940,940,0
1360,1360,0
430,430,0
630,630,0
1116,1240,124
900,900,0
1000,1000,0
1360,1360,0
1230,1230,0
260,0,-260
430,430,0
430,430,0
0,0,0
430,430,0
560,560,0
700,700,0
940,940,0
540,540,0
364,370,6
1107,1230,123
124,0,-124
820,820,0
610,610,0
560,560,0
502,500,-2
500,500,0
782,820,38
1360,1360,0
529,530,1
528,530,2
560,560,0
900,900,0
624,620,-4
690,690,0
760,760,0
1360,1360,0
623,630,7
820,820,0
610,610,0
785,780,-5
908,900,-8
580,580,0
445,520,75
660,660,0
900,900,0
655,610,-45
625,620,-5
590,590,0
640,640,0
370,370,0
804,810,6
530,530,0
430,430,0
760,760,0
620,620,0
640,640,0
650,660,10
560,560,0
1230,1230,0
1230,1230,0
560,560,0
760,760,0
550,550,0
850,850,0
868,900,32
640,640,0
940,940,0
1060,1060,0
744,730,-14
580,580,0
1007,1000,-7
700,700,0
890,890,0
1230,1230,0
626,620,-6
620,620,0
260,260,0
620,620,0
560,560,0
560,560,0
580,580,0
406,400,-6
0,0,0
540,540,0
560,560,0
550,550,0
1230,1230,0
670,670,0
700,700,0
530,530,0
940,940,0
1230,1230,0
678,660,-18
0,0,0
730,730,0
690,690,0
760,760,0
466,470,4
530,530,0
560,560,0
715,620,-95
1230,1230,0
430,430,0
1230,1230,0
1240,1240,0
1030,1030,0
474,470,-4
440,430,-10
268,670,402
727,780,53
595,580,-15
804,810,6
533,530,-3
730,730,0
810,810,0
590,590,0
1230,1230,0
690,690,0
540,540,0
1240,1240,0
900,900,0
430,430,0
530,530,0
730,730,0
1030,1030,0
1134,1120,-14
740,740,0
530,530,0
1230,1230,0
560,560,0
560,560,0
940,940,0
760,760,0
806,800,-6
1230,1230,0
1230,1230,0
1230,1230,0
1240,1240,0
610,610,0
940,940,0
1031,990,-41
1230,1230,0
612,580,-32
913,910,-3
730,730,0
827,820,-7
1030,1030,0
640,640,0
1030,1030,0
530,530,0
622,620,-2
748,760,12
370,370,0
520,520,0
1030,1030,0
500,500,0
760,760,0
485,480,-5
560,560,0
560,560,0
1240,1240,0
700,700,0
466,430,-36
480,480,0
620,620,0
430,430,0
740,740,0
740,740,0
610,610,0
590,590,0
793,790,-3
690,690,0
736,760,24
440,430,-10
700,700,0
430,430,0
803,810,7
610,610,0
550,550,0
1030,1030,0
756,760,4
669,670,1
1230,1230,0
542,550,8
730,730,0
760,760,0
430,430,0
1360,1360,0
1240,1240,0
310,310,0
400,400,0
350,350,0
793,790,-3
607,610,3
572,550,-22
480,480,0
430,430,0
504,560,56
534,520,-14
690,690,0
400,400,0
700,700,0
560,560,0
530,530,0
680,680,0
430,430,0
1230,1230,0
820,820,0
576,580,4
438,430,-8
769,780,11
522,520,-2
867,890,23
652,610,-42
740,740,0
640,640,0
620,620,0
403,400,-3
740,740,0
740,740,0
500,500,0
1240,1240,0
1030,1030,0
530,530,0
690,690,0
700,700,0
1230,1230,0
870,870,0
560,560,0
530,530,0
690,690,0
620,620,0
690,690,0
530,530,0
485,430,-55
610,610,0
733,730,-3
740,740,0
500,500,0
546,550,4
820,820,0
766,790,24
744,730,-14
588,760,172
1240,1240,0
530,530,0
1135,1170,35
1240,1240,0
520,520,0
1000,1000,0
0,0,0
860,850,-10
400,400,0
690,690,0
533,530,-3
1230,1230,0
1198,1230,32
1030,1030,0
740,740,0
604,530,-74
900,900,0
850,850,0
661,550,-111
540,540,0
530,530,0
1240,1240,0
730,730,0
784,760,-24
820,820,0
820,820,0
590,590,0
1360,1360,0
569,530,-39
820,820,0
820,820,0
1230,1230,0
441,450,9
774,760,-14
530,530,0
0,0,0
530,530,0
590,590,0
530,530,0
662,680,18
0,0,0
211,0,-211
690,690,0
630,630,0
760,760,0
568,530,-38
603,580,-23
868,930,62
630,630,0
443,430,-13
790,780,-10
640,640,0
610,610,0
1030,1030,0
740,740,0
580,580,0
546,530,-16
700,700,0
670,670,0
740,740,0
520,520,0
1230,1230,0
1240,1240,0
430,430,0
530,530,0
820,820,0
596,560,-36
740,740,0
645,620,-25
700,700,0
1360,1360,0
533,530,-3
1030,1030,0
770,760,-10
430,430,0
740,740,0
740,740,0
740,740,0
690,690,0
680,680,0
620,620,0
740,740,0
1230,1230,0
500,500,0
640,640,0
576,580,4
870,870,0
730,730,0
625,610,-15
684,660,-24
928,940,12
640,640,0
533,530,-3
740,740,0
760,760,0
1360,1360,0
560,560,0
1230,1230,0
610,610,0
1230,1230,0
648,610,-38
900,900,0
1360,1240,-120
696,560,-136
1230,1230,0
640,640,0
0,0,0
370,370,0
500,500,0
260,260,0
930,930,0
534,540,6
580,580,0
520,520,0
1240,1240,0
1030,1030,0
640,640,0
1030,1030,0
862,870,8
540,540,0
506,470,-36
760,760,0
680,680,0
550,550,0
480,480,0
580,580,0
610,610,0
660,660,0
539,540,1
500,500,0
1230,1230,0
520,520,0
430,430,0
690,690,0
626,630,4
820,820,0
850,850,0
780,780,0
598,580,-18
700,700,0
0,0,0
530,530,0
660,660,0
748,740,-8
700,700,0
690,690,0
280,260,-20
1060,1060,0
539,530,-9
1030,1030,0
900,900,0
441,430,-11
560,560,0
620,620,0
690,690,0
760,760,0
700,700,0
940,940,0
740,740,0
1240,1240,0
890,890,0
900,900,0
1240,1240,0
700,700,0
574,580,6
550,550,0
520,520,0
677,690,13
560,560,0
590,590,0
430,430,0
0,0,0
740,740,0
850,850,0
1230,1230,0
1360,1360,0
868,900,32
810,810,0
804,810,6
530,530,0
438,430,-8
771,760,-11
494,500,6
430,430,0
693,680,-13
500,500,0
912,930,18
1230,1230,0
430,430,0
500,500,0
1070,1070,0
373,370,-3
591,560,-31
660,660,0
1017,1030,13
605,690,85
1230,1230,0
1230,1230,0
1230,1230,0
403,400,-3
1030,1030,0
265,260,-5
776,780,4
620,620,0
530,530,0
530,530,0
775,900,125
690,690,0
810,810,0
560,560,0
430,430,0
737,820,83
690,690,0
679,680,1
660,660,0
400,400,0
940,940,0
500,500,0
690,690,0
685,730,45
740,740,0
620,620,0
0,0,0
820,820,0
540,540,0
560,560,0
477,530,53
879,930,51
1060,1060,0
820,820,0
520,520,0
760,760,0
640,640,0
1000,1000,0
530,530,0
1360,1360,0
1230,1230,0
1240,1240,0
540,540,0
500,500,0
700,700,0
822,810,-12
670,670,0
0,0,0
1240,1240,0
539,530,-9
620,620,0
870,870,0
900,900,0
580,580,0
590,590,0
547,540,-7
700,700,0
828,820,-8
500,500,0
540,540,0
400,400,0
557,560,3
529,540,11
568,580,12
760,760,0
629,630,1
530,530,0
1240,1240,0
1360,1360,0
690,690,0
742,760,18
785,730,-55
1230,1230,0
580,580,0
700,700,0
590,590,0
1230,1230,0
0,0,0
400,400,0
820,820,0
1230,1230,0
540,540,0
753,740,-13
620,620,0
0,0,0
530,530,0
1230,1230,0
1360,1360,0
907,890,-17
620,620,0
900,900,0
1107,1230,123
730,730,0
350,350,0
656,630,-26
753,690,-63
786,780,-6
598,620,22
1240,1240,0
480,530,50
690,690,0
599,530,-69
775,800,25
745,780,35
530,530,0
765,760,-5
1070,1070,0
700,700,0
820,820,0
530,530,0
542,540,-2
610,610,0
580,580,0
724,680,-44
740,740,0
610,610,0
400,400,0
619,580,-39
430,430,0
530,530,0
660,660,0
1030,1030,0
1030,1030,0
710,690,-20
1360,1360,0
610,610,0
580,580,0
1360,1360,0
490,490,0
550,550,0
550,550,0
480,480,0
1230,1230,0
1230,1230,0
560,560,0
1240,1240,0
530,530,0
850,850,0
803,810,7
500,500,0
620,620,0
477,530,53
1230,1230,0
760,760,0
620,620,0
560,560,0
1230,1230,0
715,660,-55
620,620,0
940,940,0
550,550,0
560,560,0
900,900,0
624,640,16
610,620,10
580,580,0
740,740,0
540,540,0
690,690,0
730,730,0
530,530,0
530,530,0
928,940,12
570,560,-10
560,560,0
400,400,0
1360,1360,0
804,810,6
550,550,0
530,530,0
616,630,14
760,760,0
810,810,0
1230,1230,0
1240,1240,0
581,690,109
500,500,0
742,740,-2
822,810,-12
430,430,0
650,640,-10
631,620,-11
785,760,-25
580,580,0
740,740,0
700,700,0
820,820,0
610,610,0
690,690,0
560,560,0
580,580,0
539,530,-9
638,640,2
820,820,0
531,540,9
646,660,14
1060,1060,0
534,540,6
549,550,1
820,820,0
637,610,-27
427,430,3
820,820,0
560,500,-60
677,690,13
430,430,0
480,480,0
440,430,-10
480,480,0
182,0,-182
1030,1030,0
768,780,12
586,560,-26
730,730,0
617,620,3
376,370,-6
560,560,0
870,870,0
502,470,-32
729,810,81
530,530,0
940,940,0
560,560,0
640,640,0
1230,1230,0
668,670,2
1240,1240,0
1240,1240,0
735,760,25
560,560,0
1030,1030,0
400,400,0
513,530,17
917,820,-97
1076,1230,154
1230,1230,0
1030,1030,0
430,430,0
530,530,0
430,430,0
578,590,12
1360,1360,0
610,610,0
940,940,0
808,760,-48
760,760,0
530,530,0
760,760,0
620,620,0
820,820,0
580,580,0
540,540,0
1230,1230,0
407,400,-7
544,550,6
1230,1230,0
870,870,0
440,430,-10
900,900,0
500,500,0
900,900,0
745,890,145
530,530,0
430,430,0
1077,1240,163
740,740,0
578,500,-78
797,810,13
310,310,0
387,350,-37
480,480,0
500,500,0
500,500,0
540,540,0
690,690,0
467,430,-37
662,660,-2
640,640,0
480,480,0
810,810,0
590,590,0
610,610,0
1240,1240,0
610,610,0
427,430,3
728,740,12
637,640,3
672,670,-2
760,760,0
1240,1240,0
820,820,0
829,680,-149
530,530,0
610,610,0
1360,1360,0
900,900,0
550,550,0
940,940,0
400,400,0
730,730,0
1230,1230,0
1000,1000,0
945,940,-5
427,430,3
580,580,0
530,530,0
900,900,0
760,760,0
430,430,0
1030,1030,0
548,550,2
629,630,1
900,900,0
640,640,0
820,820,0
1107,1230,123
430,430,0
500,500,0
730,730,0
559,560,1
560,560,0
430,430,0
560,560,0
760,760,0
760,760,0
0,0,0
700,700,0
530,530,0
1230,1230,0
823,820,-3
590,590,0
820,820,0
400,400,0
760,760,0
1240,1240,0
760,760,0
810,810,0
610,610,0
628,620,-8
870,870,0
616,630,14
689,690,1
400,400,0
740,740,0
540,540,0
900,900,0
443,430,-13
530,530,0
938,1070,132
940,940,0
574,580,6
703,690,-13
1129,1170,41
850,930,80
590,590,0
1240,1240,0
1360,1360,0
602,670,68
430,430,0
530,530,0
530,530,0
530,530,0
430,430,0
870,870,0
0,0,0
612,580,-32
550,550,0
760,760,0
580,580,0
430,430,0
900,900,0
580,580,0
1240,1240,0
1240,1240,0
926,940,14
700,700,0
610,610,0
850,850,0
1230,1230,0
1230,1230,0
1058,1060,2
1030,1030,0
430,430,0
760,760,0
400,400,0
644,530,-114
820,820,0
940,940,0
740,740,0
570,560,-10
777,810,33
560,560,0
520,520,0
430,430,0
430,430,0
734,740,6
760,760,0
1230,1230,0
787,780,-7
631,630,-1
900,900,0
760,760,0
690,690,0
620,620,0
500,500,0
1360,1360,0
700,700,0
659,670,11
590,590,0
689,700,11
977,1000,23
910,910,0
740,740,0
1360,1360,0
520,520,0
620,620,0
1360,1360,0
590,590,0
427,430,3
1230,1230,0
1230,1230,0
745,760,15
0,0,0
610,610,0
700,700,0
520,520,0
413,430,17
595,580,-15
1070,1070,0
760,760,0
1232,1230,-2
638,640,2
538,530,-8
1230,1230,0
703,690,-13
740,740,0
601,610,9
700,700,0
725,690,-35
1022,1070,48
820,820,0
535,530,-5
640,640,0
520,520,0
503,480,-23
820,820,0
546,530,-16
1230,1230,0
430,430,0
490,490,0
1230,1230,0
1000,1000,0
820,820,0
610,610,0
394,400,6
639,610,-29
810,810,0
653,660,7
434,430,-4
680,680,0
530,530,0
958,940,-18
683,690,7
1230,1230,0
987,1000,13
766,810,44
1230,1230,0
636,630,-6
740,740,0
550,550,0
660,660,0
520,520,0
890,890,0
1003,820,-183
690,690,0
1360,1360,0
590,590,0
0,0,0
782,780,-2
1030,1030,0
535,530,-5
582,560,-22
780,780,0
560,560,0
670,670,0
530,530,0
684,690,6
1240,1240,0
690,690,0
776,780,4
629,630,1
854,850,-4
549,550,1
740,740,0
768,820,52
1060,1060,0
779,760,-19
1230,1230,0
900,900,0
740,740,0
310,310,0
580,580,0
1280,1280,0
1136,1160,24
1230,1230,0
610,610,0
784,780,-4
900,900,0
700,700,0
530,530,0
610,610,0
870,870,0
681,680,-1
1060,1060,0
669,670,1
1240,1240,0
1240,1240,0
733,740,7
1230,1230,0
287,260,-27
1230,1230,0
560,560,0
530,530,0
850,850,0
799,810,11
864,850,-14
740,740,0
890,890,0
636,730,94
620,620,0
643,660,17
798,750,-48
550,550,0
930,930,0
0,0,0
424,430,6
530,530,0
1230,1230,0
741,760,19
690,690,0
1230,1230,0
320,0,-320
679,700,21
559,560,1
824,860,36
430,430,0
900,900,0
53,0,-53
530,530,0
693,680,-13
930,930,0
816,820,4
500,500,0
900,900,0
800,820,20
530,530,0
500,500,0
481,430,-51
580,560,-20
700,700,0
400,400,0
430,430,0
520,520,0
772,780,8
1230,1230,0
1230,1230,0
610,610,0
1030,1030,0
480,480,0
820,820,0
781,780,-1
625,610,-15
644,690,46
620,620,0
1240,1240,0
1116,1240,124
485,480,-5
681,690,9
433,400,-33
1030,1030,0
655,680,25
670,730,60
1240,1240,0
771,760,-11
1360,1360,0
211,0,-211
760,760,0
820,820,0
1230,1230,0
591,580,-11
780,790,10
500,500,0
1008,1030,22
590,590,0
700,700,0
760,760,0
620,620,0
520,520,0
740,740,0
621,620,-1
610,610,0
1230,1230,0
486,500,14
700,700,0
1030,1030,0
760,760,0
520,520,0
677,690,13
540,540,0
940,940,0
820,820,0
525,530,5
0,0,0
500,500,0
536,560,24
554,560,6
430,430,0
1230,1230,0
900,900,0
530,530,0
560,560,0
1230,1230,0
700,700,0
469,530,61
670,690,20
850,850,0
520,520,0
740,740,0
1230,1230,0
460,470,10
1000,1000,0
800,800,0
550,550,0
700,700,0
430,430,0
779,1230,451
533,530,-3
1030,1030,0
1240,1240,0
1280,1280,0
890,890,0
0,0,0
1230,1230,0
740,740,0
430,430,0
529,530,1
934,940,6
427,430,3
690,690,0
1240,1240,0
430,430,0
1070,1070,0
928,940,12
530,530,0
729,690,-39
620,620,0
703,690,-13
1230,1230,0
560,560,0
760,760,0
1230,1230,0
820,820,0
1230,1230,0
400,400,0
400,400,0
621,530,-91
550,550,0
620,620,0
610,610,0
670,670,0
0,0,0
733,730,-3
540,540,0
1240,1240,0
557,560,3
900,900,0
0,0,0
560,560,0
668,690,22
370,370,0
794,820,26
620,630,10
580,580,0
1094,1060,-34
530,530,0
620,620,0
430,430,0
1280,1280,0
571,560,-11
530,530,0
868,900,32
820,820,0
930,930,0
790,800,10
1030,1030,0
1030,1030,0
640,640,0
1230,1230,0
620,620,0
618,620,2
480,480,0
500,500,0
964,890,-74
430,430,0
940,940,0
1014,1030,16
662,660,-2
1030,1030,0
442,0,-442
1230,1230,0
730,730,0
690,690,0
480,480,0
790,820,30
590,590,0
610,610,0
480,480,0
690,690,0
635,620,-15
609,620,11
1030,1030,0
124,0,-124
520,520,0
603,580,-23
760,760,0
820,820,0
610,610,0
470,430,-40
1230,1230,0
350,350,0
709,700,-9
1240,1240,0
900,900,0
730,730,0
0,0,0
370,370,0
485,480,-5
573,530,-43
579,580,1
1231,1230,-1
580,580,0
530,530,0
548,550,2
760,760,0
520,520,0
620,620,0
680,680,0
880,820,-60
590,590,0
939,1230,291
1047,1060,13
900,900,0
828,820,-8
930,930,0
998,550,-448
610,610,0
530,530,0
680,680,0
620,620,0
697,690,-7
940,940,0
940,940,0
430,430,0
1051,930,-121
530,530,0
730,730,0
820,820,0
881,900,19
1230,1230,0
946,940,-6
707,700,-7
782,780,-2
612,580,-32
500,500,0
560,560,0
680,680,0
530,530,0
690,690,0
820,820,0
504,500,-4
810,810,0
530,530,0
530,530,0
560,560,0
522,530,8
0,0,0
620,620,0
530,530,0
560,560,0
814,820,6
580,580,0
560,560,0
660,660,0
850,850,0
1240,1240,0
500,500,0
640,640,0
580,580,0
730,730,0
550,550,0
740,740,0
1230,1230,0
1060,1060,0
545,540,-5
730,730,0
557,560,3
620,620,0
530,530,0
530,530,0
740,740,0
430,430,0
700,700,0
1230,1230,0
500,500,0
607,590,-17
690,690,0
782,780,-2
760,760,0
430,430,0
760,760,0
550,550,0
1360,1360,0
690,690,0
610,610,0
700,700,0
700,700,0
590,590,0
1230,1230,0
554,560,6
700,700,0
585,530,-55
730,730,0
580,580,0
820,820,0
1230,1230,0
67,0,-67
630,630,0
820,820,0
640,640,0
370,370,0
690,690,0
560,560,0
430,430,0
900,900,0
430,430,0
930,930,0
850,850,0
700,700,0
530,530,0
485,430,-55
363,0,-363
1116,1240,124
740,740,0
676,670,-6
430,430,0
850,850,0
766,740,-26
1230,1230,0
1360,1360,0
744,740,-4
740,740,0
500,500,0
0,0,0
940,940,0
820,690,-130
490,530,40
758,760,2
662,660,-2
1070,1070,0
784,760,-24
660,660,0
820,820,0
850,850,0
510,530,20
500,500,0
560,560,0
540,540,0
560,560,0
780,780,0
820,820,0
930,930,0
820,820,0
760,760,0
780,780,0
638,640,2
500,500,0
760,760,0
530,530,0
869,900,31
690,690,0
1030,1030,0
700,700,0
635,640,5
900,900,0
610,610,0
1060,1060,0
850,850,0
540,540,0
590,590,0
1240,1240,0
430,430,0
760,760,0
500,500,0
965,1030,65
685,690,5
658,660,2
1070,1070,0
617,620,3
430,430,0
0,0,0
265,260,-5
938,940,2
520,520,0
928,940,12
841,820,-21
1230,1230,0
757,760,3
261,0,-261
791,780,-11
560,560,0
780,780,0
745,760,15
1230,1230,0
930,930,0
438,430,-8
620,620,0
490,490,0
645,640,-5
740,740,0
1240,1240,0
700,700,0
530,530,0
477,530,53
350,350,0
0,0,0
560,560,0
560,560,0
1360,1360,0
615,580,-35
1230,1230,0
900,900,0
689,700,11
550,550,0
266,260,-6
560,560,0
430,430,0
430,430,0
1240,1240,0
721,740,19
580,580,0
1360,1360,0
656,660,4
1360,1360,0
1360,1360,0
1230,1230,0
700,700,0
430,430,0
580,580,0
1000,1000,0
370,370,0
610,610,0
1230,1230,0
559,560,1
1077,1060,-17
509,530,21
1134,1130,-4
730,760,30
1230,1230,0
620,620,0
1230,1230,0
640,640,0
430,430,0
700,700,0
870,870,0
622,620,-2
900,900,0
748,760,12
905,890,-15
1240,1240,0
430,430,0
660,660,0
900,900,0
850,850,0
740,740,0
1008,1030,22
540,540,0
430,430,0
766,760,-6
669,670,1
820,820,0
364,370,6
560,560,0
533,530,-3
690,690,0
1240,1240,0
1239,1240,1
760,760,0
560,560,0
910,940,30
1230,1230,0
569,530,-39
559,560,1
1240,1240,0
644,580,-64
540,540,0
820,820,0
810,810,0
1230,1230,0
530,530,0
940,940,0
740,740,0
141,0,-141
520,520,0
1030,1030,0
549,610,61
1240,1240,0
714,690,-24
700,700,0
788,790,2
430,430,0
814,820,6
480,480,0
441,400,-41
1231,1230,-1
430,430,0
760,760,0
620,620,0
620,620,0
660,660,0
0,0,0
890,890,0
1240,1240,0
820,820,0
640,640,0
690,690,0
1230,1230,0
688,690,2
828,870,42
520,520,0
580,580,0
760,760,0
1240,1240,0
662,520,-142
560,560,0
1360,1360,0
875,930,55
500,500,0
888,580,-308
611,620,9
763,730,-33
740,740,0
744,740,-4
588,530,-58
900,900,0
337,260,-77
940,940,0
1360,1360,0
580,580,0
1360,1360,0
430,430,0
730,730,0
900,900,0
760,760,0
1360,1360,0
430,430,0
733,730,-3
690,690,0
1230,1230,0
740,740,0
620,620,0
810,810,0
1230,1230,0
1180,1180,0
0,0,0
578,580,2
1000,1000,0
430,430,0
699,690,-9
640,640,0
1240,1240,0
855,890,35
533,530,-3
940,940,0
530,530,0
952,1240,288
464,430,-34
1030,1030,0
690,690,0
520,520,0
640,640,0
748,760,12
610,610,0
560,560,0
1070,1070,0
1030,1030,0
888,900,12
580,580,0
611,620,9
640,640,0
336,560,224
939,940,1
730,730,0
872,870,-2
550,550,0
783,780,-3
690,690,0
1360,1360,0
837,810,-27
1230,1230,0
784,780,-4
520,520,0
626,690,64
647,660,13
500,500,0
1230,1230,0
1076,1070,-6
1230,1230,0
430,430,0
740,740,0
900,900,0
807,810,3
560,560,0
540,540,0
640,640,0
424,430,6
610,610,0
1230,1230,0
595,810,215
760,760,0
622,620,-2
1230,1230,0
1030,1030,0
730,730,0
500,500,0
772,780,8
1030,1030,0
559,560,1
520,520,0
430,430,0
1030,1030,0
820,820,0
427,430,3
1060,1060,0
740,740,0
1230,1230,0
1230,1230,0
1230,1230,0
530,530,0
690,690,0
908,890,-18
687,690,3
1030,1030,0
370,370,0
844,810,-34
550,550,0
603,580,-23
530,530,0
637,580,-57
1030,1030,0
1230,1230,0
788,790,2
820,820,0
1360,1360,0
1240,1240,0
730,730,0
560,560,0
530,530,0
910,910,0
1030,1030,0
473,470,-3
1000,1000,0
610,610,0
747,730,-17
1230,1230,0
620,620,0
430,430,0
1060,1060,0
500,500,0
700,700,0
530,530,0
760,760,0
430,430,0
820,820,0
820,820,0
757,760,3
760,760,0
550,550,0
930,930,0
768,810,42
610,610,0
1030,1030,0
610,610,0
973,1060,87
560,560,0
500,500,0
900,900,0
590,590,0
610,610,0
637,610,-27
530,530,0
700,700,0
730,730,0
480,480,0
890,890,0
530,530,0
760,760,0
1240,1240,0
1030,1030,0
560,560,0
730,730,0
530,530,0
740,740,0
590,560,-30
890,890,0
742,740,-2
500,500,0
624,640,16
775,740,-35
430,430,0
350,350,0
1230,1230,0
1000,1000,0
805,810,5
1070,1070,0
430,430,0
1030,1030,0
620,620,0
500,500,0
1230,1230,0
713,690,-23
540,530,-10
1030,1030,0
1230,1230,0
470,470,0
900,900,0
1060,1060,0
783,900,117
1000,1000,0
430,430,0
990,930,-60
430,430,0
480,480,0
0,0,0
820,820,0
1230,1230,0
610,610,0
774,760,-14
752,760,8
900,900,0
621,620,-1
525,530,5
590,590,0
700,700,0
610,610,0
763,760,-3
760,760,0
400,400,0
1030,1030,0
663,660,-3
661,660,-1
560,560,0
1230,1230,0
530,530,0
700,700,0
430,430,0
700,700,0
536,530,-6
520,520,0
900,900,0
939,940,1
430,430,0
403,400,-3
971,940,-31
742,740,-2
609,640,31
1030,1030,0
430,430,0
520,520,0
550,550,0
1360,1360,0
1070,1070,0
660,660,0
1230,1230,0
400,400,0
690,690,0
1240,1240,0
430,430,0
810,810,0
700,700,0
670,670,0
480,480,0
900,900,0
427,430,3
500,500,0
560,560,0
610,580,-30
1035,1060,25
0,0,0
940,940,0
590,590,0
749,740,-9
700,700,0
620,620,0
740,740,0
1240,1240,0
1030,1030,0
500,500,0
768,750,-18
590,590,0
820,820,0
430,430,0
1030,1030,0
580,580,0
708,690,-18
520,520,0
620,620,0
427,610,183
740,740,0
430,430,0
560,560,0
1230,1230,0
850,850,0
500,500,0
622,620,-2
293,0,-293
820,820,0
690,690,0
810,810,0
1230,1230,0
1030,1030,0
1000,1000,0
590,590,0
640,640,0
590,590,0
837,820,-17
500,500,0
740,740,0
560,560,0
430,430,0
1240,1240,0
0,0,0
1360,1360,0
580,580,0
590,590,0
820,820,0
1230,1230,0
810,810,0
620,620,0
672,680,8
1230,1230,0
1230,1230,0
550,550,0
730,730,0
940,940,0
760,760,0
690,690,0
610,610,0
1240,1240,0
0,0,0
1230,1230,0
851,850,-1
430,430,0
1230,1230,0
500,500,0
900,900,0
590,590,0
610,610,0
1032,1060,28
500,500,0
1240,1240,0
736,760,24
740,740,0
1230,1230,0
900,900,0
520,520,0
654,660,6
744,730,-14
1000,1000,0
1230,1230,0
760,760,0
1030,1030,0
443,430,-13
590,590,0
1230,1230,0
590,590,0
430,430,0
1230,1230,0
1240,1240,0
660,660,0
580,580,0
940,940,0
676,660,-16
440,430,-10
900,900,0
610,610,0
112,0,-112
740,740,0
500,500,0
780,780,0
1230,1230,0
760,760,0
560,560,0
630,530,-100
690,690,0
500,500,0
870,870,0
1230,1230,0
620,620,0
1240,1240,0
530,530,0
1230,1230,0
646,660,14
530,530,0
899,890,-9
1240,1240,0
560,560,0
1360,1360,0
430,430,0
772,760,-12
740,740,0
500,500,0
1230,1230,0
521,520,-1
715,730,15
713,690,-23
678,680,2
550,550,0
466,470,4
1030,1030,0
530,530,0
986,1020,34
560,560,0
1360,1360,0
850,850,0
370,370,0
430,430,0
400,400,0
690,690,0
810,810,0
610,610,0
900,900,0
590,590,0
1060,1060,0
530,530,0
310,310,0
690,690,0
1240,1240,0
550,550,0
1230,1230,0
815,810,-5
900,900,0
1360,1360,0
520,520,0
500,500,0
700,700,0
500,500,0
760,760,0
762,780,18
599,670,71
538,530,-8
590,590,0
574,620,46
530,530,0
533,530,-3
400,400,0
480,480,0
690,690,0
974,990,16
616,630,14
680,680,0
820,820,0
544,540,-4
0,0,0
560,560,0
1360,1360,0
455,470,15
1230,1230,0
630,630,0
597,590,-7
690,690,0
560,560,0
529,530,1
923,950,27
821,930,109
1230,1230,0
610,610,0
690,690,0
544,540,-4
1030,1030,0
530,530,0
740,740,0
620,620,0
1230,1230,0
690,690,0
430,430,0
1030,1030,0
1240,1240,0
403,400,-3
610,610,0
1230,1230,0
580,580,0
1060,1060,0
370,370,0
700,700,0
430,430,0
400,400,0
580,580,0
605,610,5
760,760,0
534,530,-4
1230,1230,0
709,730,21
0,0,0
428,400,-28
434,430,-4
540,540,0
1360,1360,0
487,500,13
754,740,-14
740,740,0
613,610,-3
403,400,-3
1240,1240,0
530,530,0
910,910,0
400,400,0
897,900,3
0,0,0
530,530,0
378,310,-68
660,660,0
483,690,207
580,580,0
430,430,0
560,560,0
660,660,0
733,700,-33
590,590,0
500,500,0
740,740,0
620,620,0
493,490,-3
610,610,0
694,690,-4
557,560,3
1019,1230,211
0,0,0
810,810,0
370,370,0
430,430,0
520,520,0
690,690,0
540,540,0
677,690,13
540,540,0
900,900,0
617,620,3
400,400,0
640,640,0
760,760,0
530,530,0
620,620,0
740,740,0
1230,1230,0
655,610,-45
740,740,0
477,530,53
940,940,0
430,430,0
1240,1240,0
900,900,0
690,690,0
660,660,0
625,630,5
700,700,0
103,0,-103
675,690,15
820,820,0
900,900,0
595,580,-15
1030,1030,0
763,740,-23
500,500,0
430,430,0
530,530,0
552,540,-12
534,530,-4
540,540,0
620,620,0
826,820,-6
1030,1030,0
900,900,0
700,700,0
760,760,0
517,520,3
745,760,15
1230,1230,0
558,560,2
500,500,0
760,760,0
792,760,-32
460,470,10
560,560,0
820,820,0
578,580,2
1000,1000,0
1089,1130,41
1030,1030,0
610,610,0
760,760,0
1030,1030,0
900,900,0
818,730,-88
530,530,0
590,590,0
518,520,2
638,640,2
1226,1230,4
645,640,-5
595,580,-15
0,0,0
820,820,0
540,540,0
430,430,0
1030,1030,0
769,810,41
548,530,-18
1230,1230,0
1017,900,-117
1230,1230,0
775,780,5
610,610,0
810,810,0
530,530,0
539,540,1
1060,1060,0
730,730,0
1360,1360,0
900,900,0
1030,1030,0
973,1000,27
689,680,-9
430,430,0
957,960,3
430,430,0
350,350,0
802,810,8
660,660,0
540,540,0
610,610,0
540,540,0
202,0,-202
1230,1230,0
430,430,0
400,400,0
690,690,0
520,520,0
856,930,74
1030,1030,0
700,700,0
533,520,-13
726,670,-56
820,820,0
607,630,23
580,580,0
1107,1230,123
305,310,5
702,670,-32
1230,1230,0
688,690,2
610,610,0
520,520,0
610,630,20
415,430,15
547,560,13
1240,1240,0
625,580,-45
690,690,0
533,530,-3
669,670,1
580,580,0
0,0,0
480,480,0
430,430,0
1030,1030,0
530,530,0
1230,1230,0
530,530,0
430,430,0
792,790,-2
1230,1230,0
690,690,0
900,900,0
1230,1230,0
384,350,-34
620,620,0
560,560,0
480,480,0
580,580,0
900,900,0
400,400,0
620,620,0
646,660,14
530,530,0
774,760,-14
532,530,-2
1230,1230,0
740,740,0
1070,1070,0
588,560,-28
500,500,0
1230,1230,0
797,810,13
1360,1360,0
757,730,-27
669,670,1
669,670,1
900,900,0
900,900,0
954,940,-14
550,550,0
500,500,0
430,430,0
466,470,4
560,560,0
1230,1230,0
760,760,0
260,260,0
610,610,0
1230,1230,0
610,610,0
430,430,0
400,400,0
760,760,0
364,370,6
1230,1230,0
500,500,0
1230,1230,0
478,530,52
1360,1360,0
590,590,0
620,620,0
810,810,0
644,640,-4
430,430,0
530,530,0
580,580,0
730,730,0
533,530,-3
530,530,0
530,530,0
1030,1030,0
820,820,0
900,900,0
900,900,0
654,660,6
1100,990,-110
530,530,0
916,940,24
1058,1060,2
500,500,0
530,530,0
540,540,0
530,530,0
730,730,0
551,560,9
807,780,-27
541,530,-11
1252,1280,28
1240,1240,0
500,500,0
760,760,0
1240,1240,0
1360,1360,0
67,0,-67
690,690,0
618,670,52
780,780,0
610,610,0
660,660,0
1057,1060,3
819,760,-59
533,530,-3
1360,1360,0
590,590,0
530,530,0
740,740,0
593,590,-3
599,550,-49
530,530,0
305,310,5
430,430,0
740,740,0
614,620,6
1219,1230,11
560,560,0
490,520,30
1180,1180,0
806,820,14
573,560,-13
1360,1360,0
620,620,0
1020,1020,0
1230,1230,0
370,370,0
1240,1240,0
780,780,0
687,660,-27
700,700,0
740,740,0
520,520,0
848,890,42
1240,1240,0
610,610,0
430,430,0
521,520,-1
760,760,0
610,610,0
421,430,9
670,670,0
740,740,0
1020,1020,0
530,530,0
590,590,0
760,760,0
850,850,0
640,640,0
554,560,6
480,480,0
430,430,0
400,400,0
562,430,-132
535,560,25
1230,1230,0
760,760,0
590,590,0
1230,1230,0
756,740,-16
632,620,-12
430,430,0
1230,1230,0
503,520,17
760,760,0
1213,1230,17
694,690,-4
856,890,34
883,900,17
1230,1230,0
620,620,0
1230,1230,0
576,580,4
530,530,0
740,740,0
480,480,0
940,940,0
310,310,0
730,730,0
530,530,0
718,740,22
310,310,0
1280,1280,0
480,480,0
430,430,0
461,430,-31
530,530,0
820,820,0
260,260,0
690,690,0
672,530,-142
760,760,0
560,560,0
715,730,15
1230,1230,0
550,550,0
967,930,-37
560,560,0
536,530,-6
723,700,-23
722,700,-22
1000,1000,0
540,540,0
1230,1230,0
500,500,0
730,730,0
1030,1030,0
1230,1230,0
1360,1360,0
634,620,-14
1000,1000,0
454,450,-4
530,530,0
430,430,0
590,590,0
928,940,12
530,530,0
940,940,0
740,740,0
450,430,-20
930,930,0
930,930,0
1360,1360,0
430,430,0
560,560,0
690,690,0
580,580,0
550,550,0
610,610,0
1360,1360,0
740,740,0
1180,1180,0
505,520,15
620,620,0
1230,1230,0
530,530,0
760,760,0
620,620,0
900,900,0
850,850,0
740,740,0
735,730,-5
595,580,-15
580,580,0
580,580,0
690,690,0
539,620,81
690,690,0
424,530,106
480,480,0
730,730,0
620,620,0
855,940,85
640,640,0
430,430,0
1030,1030,0
745,740,-5
358,370,12
540,540,0
500,500,0
520,520,0
738,790,52
629,630,1
560,560,0
400,400,0
530,530,0
820,820,0
850,850,0
730,730,0
700,700,0
430,430,0
462,470,8
0,0,0
680,680,0
430,430,0
530,530,0
660,660,0
760,760,0
533,540,7
430,430,0
530,530,0
548,530,-18
740,740,0
430,430,0
524,520,-4
480,480,0
1230,1230,0
1070,1070,0
538,500,-38
530,530,0
430,430,0
530,530,0
1171,520,-651
1233,1230,-3
1230,1230,0
620,620,0
1252,1280,28
864,940,76
1230,1230,0
530,530,0
560,560,0
1230,1230,0
870,870,0
1230,1230,0
1360,1360,0
521,520,-1
1180,1180,0
1230,1230,0
790,800,10
580,580,0
780,780,0
740,740,0
1230,1230,0
690,690,0
1030,1030,0
800,800,0
832,820,-12
1230,1230,0
480,480,0
403,400,-3
560,560,0
530,530,0
780,780,0
940,940,0
745,760,15
1230,1230,0
680,680,0
0,0,0
690,690,0
1230,1230,0
370,370,0
940,940,0
870,870,0
1230,1230,0
480,480,0
590,590,0
690,690,0
610,610,0
714,700,-14
500,500,0
590,590,0
386,370,-16
1240,1240,0
1240,1240,0
443,430,-13
764,660,-104
530,530,0
521,520,-1
596,560,-36
740,740,0
1230,1230,0
0,0,0
568,560,-8
555,540,-15
400,400,0
430,430,0
807,690,-117
640,640,0
680,680,0
1230,1230,0
820,820,0
1030,1030,0
693,680,-13
530,530,0
749,760,11
940,940,0
850,850,0
530,530,0
1240,1240,0
530,530,0
500,500,0
430,430,0
688,690,2
1060,1060,0
621,620,-1
1107,1230,123
856,850,-6
612,580,-32
730,760,30
530,530,0
557,560,3
780,780,0
760,760,0
1360,1360,0
500,500,0
740,740,0
700,700,0
690,690,0
0,0,0
500,500,0
820,820,0
1230,1230,0
940,940,0
430,430,0
0,0,0
550,550,0
810,810,0
760,760,0
760,810,50
520,520,0
445,400,-45
810,810,0
760,760,0
530,530,0
480,480,0
530,530,0
500,500,0
500,500,0
610,610,0
1230,1230,0
380,470,90
500,500,0
530,530,0
769,810,41
1360,1360,0
900,900,0
530,530,0
747,740,-7
1230,1230,0
530,520,-10
910,910,0
186,0,-186
430,430,0
880,930,50
900,900,0
580,580,0
430,430,0
685,690,5
1030,1030,0
530,530,0
590,590,0
540,540,0
690,690,0
530,530,0
734,760,26
530,530,0
580,580,0
619,620,1
497,620,123
1060,1060,0
0,0,0
1030,1030,0
740,740,0
585,620,35
580,560,-20
1240,1240,0
430,430,0
850,850,0
520,520,0
500,500,0
480,480,0
1230,1230,0
1240,1240,0
480,480,0
566,560,-6
580,580,0
1230,1230,0
640,640,0
548,550,2
700,700,0
674,690,16
500,500,0
530,530,0
1230,1230,0
1030,1030,0
903,750,-153
370,370,0
1230,1230,0
620,620,0
648,610,-38
634,620,-14
760,760,0
530,530,0
182,0,-182
364,370,6
531,530,-1
740,740,0
1240,1240,0
500,500,0
700,700,0
810,810,0
870,870,0
820,820,0
758,760,2
581,560,-21
550,550,0
430,430,0
1240,1240,0
530,530,0
604,530,-74
310,310,0
530,530,0
560,560,0
1017,1030,13
1230,1230,0
595,660,65
430,430,0
1180,1180,0
730,730,0
693,810,117
500,500,0
659,640,-19
760,760,0
1230,1230,0
1239,1230,-9
904,900,-4
635,660,25
518,520,2
726,820,94
0,0,0
530,530,0
1231,1230,-1
1230,1230,0
690,690,0
760,760,0
580,580,0
900,900,0
850,850,0
580,580,0
310,310,0
760,760,0
430,430,0
596,580,-16
564,560,-4
430,430,0
480,480,0
538,530,-8
527,520,-7
820,820,0
430,430,0
620,620,0
560,560,0
820,820,0
760,760,0
1108,1230,122
805,820,15
690,690,0
660,660,0
1008,1030,22
560,540,-20
795,810,15
1047,940,-107
1240,1240,0
985,990,5
560,560,0
820,820,0
740,740,0
430,430,0
590,590,0
940,940,0
880,940,60
500,500,0
1107,1230,123
820,820,0
700,700,0
568,560,-8
756,760,4
700,700,0
520,520,0
1230,1230,0
67,0,-67
910,910,0
1230,1230,0
620,620,0
744,730,-14
890,890,0
1360,1360,0
426,430,4
811,820,9
820,820,0
397,400,3
530,530,0
469,530,61
560,560,0
543,530,-13
633,630,-3
760,760,0
700,700,0
430,430,0
910,910,0
530,530,0
520,520,0
610,610,0
480,480,0
703,690,-13
809,780,-29
890,890,0
945,1060,115
928,940,12
1360,1360,0
760,760,0
670,670,0
430,430,0
668,670,2
810,810,0
1240,1240,0
430,430,0
430,430,0
605,640,35
760,760,0
645,640,-5
530,530,0
580,580,0
662,690,28
612,630,18
740,740,0
820,820,0
260,260,0
660,660,0
779,760,-19
870,820,-50
620,620,0
1240,1240,0
370,370,0
434,430,-4
726,690,-36
618,610,-8
703,690,-13
858,900,42
1060,1060,0
760,760,0
700,700,0
900,790,-110
530,530,0
900,900,0
820,820,0
830,870,40
1360,1360,0
1360,1360,0
620,620,0
530,530,0
779,760,-19
1360,1360,0
560,560,0
532,530,-2
640,640,0
757,760,3
650,660,10
591,560,-31
1230,1230,0
910,910,0
590,590,0
560,560,0
610,610,0
430,430,0
820,820,0
644,640,-4
370,370,0
580,580,0
430,430,0
560,560,0
530,530,0
900,900,0
370,370,0
518,520,2
538,530,-8
674,670,-4
730,730,0
520,520,0
789,790,1
612,590,-22
940,820,-120
812,820,8
516,520,4
554,530,-24
0,0,0
930,930,0
530,530,0
740,740,0
730,730,0
530,530,0
1230,1230,0
610,610,0
610,610,0
620,620,0
670,670,0
487,430,-57
660,660,0
450,500,50
590,590,0
1230,1230,0
810,810,0
430,430,0
850,850,0
550,550,0
700,700,0
480,480,0
1240,1240,0
578,550,-28
740,740,0
590,590,0
0,0,0
889,890,1
760,760,0
629,690,61
610,610,0
0,0,0
530,530,0
610,610,0
1030,1030,0
400,400,0
699,790,91
1030,1030,0
730,730,0
430,430,0
680,680,0
560,560,0
810,810,0
430,430,0
610,610,0
550,550,0
690,690,0
856,870,14
820,820,0
677,680,3
560,560,0
690,690,0
900,900,0
530,530,0
730,730,0
760,760,0
850,850,0
430,430,0
620,620,0
761,780,19
0,0,0
1230,1230,0
620,620,0
533,530,-3
764,760,-4
540,540,0
430,430,0
500,500,0
930,930,0
730,760,30
1008,1030,22
620,620,0
760,760,0
557,560,3
370,370,0
730,730,0
560,560,0
560,560,0
1360,1360,0
940,940,0
573,560,-13
700,700,0
518,520,2
674,690,16
774,760,-14
530,530,0
350,350,0
1230,1230,0
730,730,0
1230,1230,0
620,620,0
610,610,0
636,670,34
610,610,0
545,530,-15
850,850,0
740,740,0
0,0,0
744,740,-4
620,620,0
1082,1060,-22
700,700,0
578,580,2
1149,1230,81
673,730,57
500,500,0
574,580,6
760,760,0
690,690,0
870,870,0
760,760,0
430,430,0
560,560,0
1240,1240,0
620,620,0
430,430,0
1230,1230,0
530,530,0
520,520,0
1008,1030,22
1030,1030,0
480,480,0
557,560,3
689,690,1
1240,1240,0
640,640,0
367,350,-17
1360,1360,0
900,900,0
610,610,0
400,400,0
610,610,0
910,820,-90
530,530,0
1230,1230,0
666,690,24
430,430,0
940,940,0
560,560,0
1324,1360,36
500,500,0
530,530,0
601,580,-21
560,560,0
1030,1030,0
464,530,66
1360,1360,0
760,760,0
940,940,0
690,680,-10
744,730,-14
745,760,15
440,430,-10
1030,1030,0
530,530,0
628,640,12
633,640,7
560,560,0
370,370,0
1230,1230,0
598,560,-38
760,760,0
610,610,0
1360,1360,0
730,730,0
580,580,0
400,400,0
504,560,56
555,540,-15
590,590,0
1230,1230,0
740,740,0
530,530,0
1360,1360,0
543,530,-13
572,580,8
610,610,0
500,500,0
850,900,50
1000,1000,0
780,780,0
1070,1070,0
1230,1230,0
545,540,-5
520,520,0
400,400,0
0,0,0
1030,1030,0
1070,1070,0
410,400,-10
820,820,0
1240,1240,0
850,850,0
610,610,0
403,400,-3
1230,1230,0
580,580,0
370,370,0
543,530,-13
870,870,0
530,530,0
540,540,0
550,550,0
1240,1240,0
930,930,0
930,930,0
517,530,13
540,540,0
820,820,0
430,430,0
810,810,0
1060,1060,0
610,610,0
1360,1360,0
690,690,0
1230,1230,0
620,620,0
1240,1240,0
780,780,0
1026,1060,34
900,900,0
900,900,0
500,500,0
740,740,0
1030,1030,0
900,900,0
1230,1230,0
260,260,0
744,740,-4
474,470,-4
552,540,-12
570,560,-10
877,930,53
927,1030,103
1175,1230,55
530,530,0
820,820,0
700,700,0
761,780,19
620,620,0
673,680,7
820,820,0
1230,1230,0
560,560,0
610,610,0
595,580,-15
1230,1230,0
0,0,0
479,500,21
480,480,0
590,590,0
622,550,-72
617,690,73
530,530,0
1192,1240,48
745,760,15
443,430,-13
620,620,0
790,780,-10
875,1230,355
760,760,0
900,900,0
536,540,4
858,900,42
680,680,0
530,530,0
430,430,0
500,500,0
748,740,-8
1230,1230,0
590,590,0
870,870,0
550,550,0
760,760,0
682,670,-12
540,540,0
1230,1230,0
639,660,21
516,520,4
662,660,-2
1230,1230,0
550,550,0
1360,1360,0
870,870,0
700,700,0
430,430,0
610,610,0
820,820,0
807,820,13
700,700,0
649,690,41
1240,1240,0
700,700,0
563,560,-3
560,560,0
530,530,0
628,620,-8
1060,1060,0
573,560,-13
690,690,0
1030,1030,0
760,760,0
560,560,0
1230,1230,0
560,560,0
1360,1360,0
540,540,0
540,540,0
560,560,0
760,760,0
807,820,13
850,850,0
712,610,-102
430,430,0
680,680,0
673,670,-3
940,940,0
700,700,0
975,1070,95
590,590,0
788,760,-28
0,0,0
530,530,0
810,810,0
529,530,1
900,900,0
1030,1030,0
0,0,0
480,480,0
520,520,0
1190,1230,40
810,810,0
680,680,0
760,760,0
580,580,0
590,590,0
760,760,0
599,530,-69
530,530,0
1000,1000,0
1030,1030,0
620,620,0
1230,1230,0
1038,1030,-8
760,760,0
194,0,-194
800,800,0
1360,1360,0
538,530,-8
900,900,0
370,370,0
740,740,0
760,760,0
1240,1240,0
521,520,-1
730,730,0
1360,1360,0
858,890,32
1240,1240,0
520,520,0
500,500,0
1049,1060,11
500,500,0
792,790,-2
1070,1070,0
500,500,0
900,900,0
1030,1030,0
660,660,0
620,620,0
610,610,0
870,930,60
820,820,0
580,580,0
700,700,0
1030,1030,0
1000,1000,0
690,690,0
500,560,60
868,870,2
943,930,-13
760,760,0
479,530,51
930,930,0
900,900,0
624,620,-4
530,530,0
909,910,1
53,0,-53
595,580,-15
615,580,-35
700,700,0
516,520,4
632,640,8
540,540,0
0,0,0
620,620,0
580,580,0
900,900,0
590,590,0
1230,1230,0
1230,1230,0
1062,1060,-2
560,560,0
1240,1240,0
542,540,-2
810,810,0
536,530,-6
690,690,0
690,690,0
430,430,0
594,560,-34
1230,1230,0
580,580,0
540,540,0
1230,1230,0
882,760,-122
620,630,10
470,470,0
530,530,0
1230,1230,0
760,760,0
630,630,0
500,500,0
730,730,0
1230,1230,0
652,590,-62
590,590,0
480,480,0
480,480,0
580,580,0
687,690,3
500,500,0
994,900,-94
500,500,0
760,760,0
1240,1240,0
1216,1240,24
949,940,-9
566,540,-26
580,580,0
690,690,0
529,530,1
540,540,0
852,870,18
1240,1240,0
1030,1030,0
688,690,2
936,940,4
519,530,11
690,690,0
1230,1230,0
430,430,0
618,620,2
500,500,0
730,730,0
560,560,0
1000,1000,0
820,820,0
1230,1230,0
871,900,29
520,520,0
430,430,0
590,590,0
820,820,0
590,590,0
1230,1230,0
598,580,-18
430,430,0
430,430,0
580,580,0
832,940,108
620,620,0
607,610,3
530,530,0
765,760,-5
124,0,-124
700,700,0
480,480,0
690,690,0
530,530,0
603,560,-43
870,870,0
460,430,-30
1230,1230,0
430,430,0
580,580,0
520,520,0
802,760,-42
0,0,0
610,580,-30
580,580,0
471,470,-1
810,810,0
1230,1230,0
539,530,-9
524,530,6
667,660,-7
614,620,6
611,620,9
400,400,0
820,820,0
590,590,0
500,500,0
0,0,0
820,820,0
1030,1030,0
740,740,0
792,790,-2
430,430,0
540,540,0
730,730,0
780,780,0
500,500,0
774,760,-14
530,530,0
590,590,0
730,730,0
1240,1240,0
1230,1230,0
1030,1030,0
660,660,0
540,540,0
638,640,2
500,500,0
730,740,10
500,500,0
729,730,1
760,760,0
430,430,0
541,530,-11
784,810,26
621,660,39
850,850,0
1230,1230,0
1240,1240,0
530,530,0
820,820,0
700,700,0
690,690,0
690,690,0
0,0,0
620,620,0
0,0,0
798,810,12
530,530,0
580,580,0
586,560,-26
1030,1030,0
550,550,0
636,640,4
1030,1030,0
790,810,20
1056,1060,4
760,760,0
900,900,0
1230,1230,0
900,900,0
1240,1240,0
1360,1360,0
620,620,0
1030,1030,0
544,670,126
580,580,0
678,680,2
1030,1030,0
820,820,0
760,760,0
1360,1360,0
530,530,0
1030,1030,0
610,610,0
645,640,-5
740,740,0
598,580,-18
530,530,0
560,560,0
1230,1230,0
530,530,0
430,430,0
590,590,0
530,530,0
610,610,0
430,430,0
820,820,0
430,430,0
706,690,-16
550,550,0
1360,1360,0
1230,1230,0
780,780,0
1240,1240,0
1231,1230,-1
560,560,0
430,430,0
1230,1230,0
1240,1240,0
430,430,0
480,480,0
536,530,-6
540,540,0
688,640,-48
1230,1230,0
1070,1070,0
1060,1060,0
690,690,0
1030,1030,0
430,430,0
690,690,0
690,690,0
1230,1230,0
620,620,0
1360,1360,0
580,580,0
341,340,-1
730,760,30
1280,1280,0
730,730,0
620,620,0
438,430,-8
760,760,0
430,430,0
0,0,0
810,810,0
530,530,0
740,740,0
700,700,0
530,530,0
560,560,0
1230,1230,0
760,760,0
0,0,0
772,780,8
599,550,-49
648,640,-8
889,1060,171
515,530,15
370,370,0
820,820,0
690,690,0
560,560,0
1070,1070,0
730,730,0
437,430,-7
580,580,0
784,790,6
500,500,0
1230,1230,0
1192,1240,48
662,660,-2
654,660,6
785,780,-5
875,790,-85
760,760,0
742,760,18
1230,1230,0
403,400,-3
370,370,0
480,480,0
530,530,0
540,550,10
500,500,0
1030,1030,0
761,810,49
590,590,0
1230,1230,0
1230,1230,0
670,670,0
710,820,110
690,690,0
610,610,0
1030,1030,0
859,860,1
684,660,-24
518,520,2
730,730,0
430,430,0
480,480,0
842,820,-22
506,500,-6
620,620,0
552,540,-12
540,540,0
781,820,39
1240,1240,0
652,660,8
700,700,0
0,0,0
760,760,0
463,500,37
681,680,-1
560,560,0
523,530,7
690,690,0
500,500,0
900,900,0
430,430,0
580,580,0
1240,1240,0
886,900,14
940,940,0
760,760,0
900,900,0
438,430,-8
717,760,43
1030,1030,0
665,670,5
430,430,0
400,400,0
547,560,13
530,530,0
778,760,-18
448,560,112
538,560,22
430,430,0
530,530,0
543,530,-13
530,530,0
0,0,0
620,620,0
700,700,0
610,610,0
1069,1070,1
480,480,0
672,670,-2
358,530,172
1240,1240,0
530,530,0
0,0,0
531,530,-1
1060,1060,0
430,430,0
533,560,27
620,620,0
430,430,0
730,730,0
690,690,0
1030,1030,0
620,620,0
590,590,0
940,940,0
748,740,-8
740,740,0
760,760,0
620,620,0
1230,1230,0
53,0,-53
1230,1230,0
754,790,36
530,530,0
748,740,-8
740,740,0
430,430,0
1240,1240,0
793,820,27
822,810,-12
1240,1240,0
0,0,0
1088,1230,142
774,780,6
530,530,0
1030,1030,0
680,680,0
630,630,0
500,500,0
828,810,-18
661,660,-1
1230,1230,0
530,530,0
1230,1230,0
610,610,0
778,760,-18
668,630,-38
807,820,13
500,500,0
520,520,0
1230,1230,0
580,580,0
430,430,0
1360,1360,0
850,850,0
530,530,0
350,350,0
495,530,35
430,430,0
480,480,0
622,620,-2
1000,1000,0
610,610,0
485,480,-5
544,530,-14
820,820,0
632,630,-2
820,820,0
530,530,0
1240,1240,0
1030,1030,0
611,620,9
610,610,0
881,820,-61
405,350,-55
690,690,0
1230,1230,0
1230,1230,0
940,940,0
560,560,0
520,520,0
0,0,0
794,820,26
640,640,0
0,0,0
628,630,2
1230,1230,0
1231,1230,-1
560,560,0
0,0,0
622,620,-2
745,760,15
869,870,1
1180,1180,0
1360,1360,0
530,530,0
855,820,-35
430,430,0
620,620,0
1230,1230,0
370,370,0
740,740,0
620,620,0
560,560,0
1230,1230,0
1360,1360,0
530,530,0
660,660,0
540,540,0
740,740,0
533,530,-3
650,660,10
694,690,-4
785,780,-5
1360,1360,0
1230,1230,0
350,350,0
771,780,9
740,740,0
1230,1230,0
760,760,0
640,640,0
1360,1360,0
663,660,-3
450,430,-20
1280,1280,0
760,760,0
500,500,0
939,940,1
550,550,0
530,530,0
940,940,0
660,660,0
0,0,0
444,430,-14
660,660,0
630,630,0
560,560,0
850,850,0
1230,1230,0
541,530,-11
690,690,0
1230,1230,0
766,760,-6
620,620,0
740,740,0
900,900,0
338,340,2
940,940,0
740,740,0
645,690,45
700,700,0
1030,1030,0
760,760,0
430,430,0
820,820,0
660,660,0
430,430,0
1360,1360,0
520,520,0
610,610,0
1360,1360,0
780,780,0
738,810,72
850,850,0
413,400,-13
0,0,0
904,910,6
760,760,0
749,820,71
530,530,0
740,740,0
1240,1240,0
650,660,10
748,740,-8
786,760,-26
820,820,0
520,520,0
681,680,-1
700,700,0
1230,1230,0
734,680,-54
530,530,0
1030,1030,0
560,560,0
661,610,-51
530,530,0
797,780,-17
370,370,0
480,480,0
918,930,12
560,560,0
760,760,0
620,620,0
672,790,118
660,660,0
590,590,0
530,530,0
611,620,9
774,760,-14
730,730,0
657,610,-47
760,760,0
540,540,0
520,520,0
797,820,23
870,870,0
350,350,0
530,530,0
1180,1180,0
1030,1030,0
544,540,-4
690,690,0
860,900,40
412,400,-12
403,400,-3
1360,1360,0
760,760,0
532,530,-2
1225,1230,5
580,580,0
1230,1230,0
820,820,0
900,900,0
640,640,0
532,530,-2
620,620,0
0,0,0
670,670,0
403,400,-3
814,820,6
530,530,0
